name,province,,power(MW),Number of turbines
Alatan,内蒙古,,50.0,25
Alatanemole,内蒙古,,4.5,3
Alatanemole,内蒙古,,45.0,30
Anbei 2C,甘肃,,99.0,33
Anbei 5A,甘肃,,100.0,25
Anbei 5A,甘肃,,100.0,25
Anjiaba,湖北,,48.0,24
Ansai Wangjiawan,陕西,,49.5,33
Anxi Qingyang,福建,,48.2,22
Anxi Qingyang,福建,,19.8,9
Anzishan,辽宁,,15.0,12
Anzishan,辽宁,,30.0,20
Aojiashan,湖北,,70.0,37
Aorigehu,内蒙古,,1.5,2
Aozaishan,福建,,6.0,10
Autonomation project longyuan,甘肃,,250.5,167
Azhuang,陕西,,49.5,33
Azuoqi 1A,内蒙古,,100.0,50
Azuoqi 1B,内蒙古,,100.0,50
Baibuluo,河北,,17.3,23
Baibuluo,河北,,9.0,6
Baibuluo,河北,,36.0,24
Baibuluo,河北,,49.5,33
Baicheng,吉林,,7.5,10
Baicheng Fuyu,吉林,,15.0,10
Baicheng Part I,吉林,,49.5,33
Baiguo,四川,,99.0,33
Baihe,湖北,,50.0,25
Baihechang,云南,,49.5,33
Baihubao I,山西,,49.5,33
Baihubao II,山西,,49.5,33
Bailihuang,湖北,,48.0,24
Bailihuang,湖北,,1.5,1
Bailingmiao,内蒙古,,50.0,40
Bailingmiao I,内蒙古,,48.0,24
Bailingmiao II,内蒙古,,50.0,25
Bailongmiao,云南,,49.5,33
Baima,安徽,,48.4,22
Baimashan (Guizhou),贵州,,48.0,24
Baimashan (Zhejiang),浙江,,27.0,9
Baimashi,山西,,50.0,25
Baimiaotan I,河北,,30.0,20
Baimiaotan I,河北,,21.0,21
Baimiaotan II,河北,,49.5,33
Baiqi I,内蒙古,,49.5,33
Baishanmu,云南,,49.5,33
Baitaizi,辽宁,,49.5,33
Baitianci I,陕西,,24.0,16
Baitianci I,陕西,,24.0,12
Baitianci II,陕西,,50.0,25
Baiyangba,湖北,,49.6,31
Baiyanshan,,,20.0,10
Baiyanshan,,,25.0,10
Baiyantuo,河北,,49.3,58
Baiyin Chagan,内蒙古,,50.0,25
Baiyundong,山东,,49.5,33
Baiyunxian,湖南,,49.5,33
Baiyun’ebo,内蒙古,,45.0,36
Baiyun’ebo,内蒙古,,49.5,33
Baiyushan I,山西,,49.5,33
Banli,河南,,50.0,20
Banmei,广东,,34.2,57
Banmei,广东,,18.6,31
Banqiao,湖北,,48.0,24
Banqiao,湖北,,1.8,1
Bao Li Hua,广东,,49.2,24
Baolian I,湖南,,50.0,25
Baolian II,湖南,,50.0,25
Baoligenshan,内蒙古,,1.8,3
Baoligenshan,内蒙古,,1.0,4
Baoligenshan,内蒙古,,2.0,6
Baoligentaohai,内蒙古,,3.0,2
Baoshan,山东,,250.0,125
Baoshan,山东,,49.5,33
Baoshitu,,,49.3,58
Baoshitu,,,49.3,58
Baotashan I,山西,,48.0,24
Baotouguyanghuaisudatang wind farm,内蒙古,,49.5,33
Baxiantong Chagantala,内蒙古,,49.5,33
Bayan,黑龙江,,49.5,33
Bayanhushu,内蒙古,,49.5,33
Bayannaoer,内蒙古,,24.0,16
Bayanzhuoer I-II,内蒙古,,99.0,66
Bayanzhuoer Wulanyiligeng Project,内蒙古,,300.0,200
Bayin,内蒙古,,151.5,101
Bayin concession 77/1500,内蒙古,,151.5,101
Bayin concession 77/1500,内蒙古,,49.5,33
Bayin Hanggai,内蒙古,,34.5,46
Bayinhanggai,内蒙古,,43.5,58
Bayinxile,内蒙古,,4.0,2
Bayinxile,内蒙古,,12.5,10
Bayinxile,内蒙古,,27.5,22
Bayinxile I,内蒙古,,49.5,33
Bayinxile I,内蒙古,,50.0,25
Bayinxile II,内蒙古,,50.0,25
Bayinxile II,内蒙古,,49.5,33
Bayinxile III,内蒙古,,49.5,33
BECE Lingcheng,山东,,83.6,38
Beiantun,黑龙江,,49.5,33
Beiao,湖北,,48.0,24
Beiao,湖北,,1.5,1
Beidagang II,天津,,49.5,33
Beidaqiao,甘肃,,49.5,66
Beidaqiao,甘肃,,0.8,1
Beidaqiao,甘肃,,99.8,133
Beidaqiao,甘肃,,12.0,8
Beidaqiao 2,甘肃,,199.5,133
Beidaqiao 4,甘肃,,201.0,134
Beifengya,,,100.0,50
Beihai I,山东,,44.1,21
Beihai I,山东,,54.6,26
Beihu (Gansu),甘肃,,49.5,33
Beijiao,福建,,48.0,24
Beikeliang,,,49.5,33
Beima,山东,,30.0,20
Beipiao,辽宁,,49.5,33
Beipiao Beitazi,辽宁,,49.5,33
Beishan I,,,49.5,33
Beisijiazi,,,49.5,33
Beitashan I,,,49.5,33
Beitashan II,,,49.5,33
Beitashan III,,,49.5,33
Beitashan IV,,,49.5,33
Beiyan I,,,48.0,24
Bielayinshan,,,24.3,27
Bijiashan,江西,,48.0,24
Binhai Binhuai,,,39.9,19
Binhai Binhuai,,,8.8,4
Binhai Forest Park,,,15.0,10
Binhai Forest Park,,,1.5,1
Binhai Huaihai,,,44.1,21
Binhai Huaihai,,,4.4,2
Binhai Zhendong,,,44.1,21
Binhai Zhendong,,,4.4,2
Bodeshenlong Xiaoertai Part I,,,40.5,27
Bodeshenlong Xiaoertai Part IV,,,49.5,33
Bogeda,,,40.5,27
Bolike,,,3.4,4
Bolike II,,,50.0,25
Bozidun,,,49.5,33
Buerjing,,,10.5,14
Buerjing,,,39.0,52
Buerjing,,,49.5,33
Burqin,,,49.5,33
Burqin,,,51.6,12
Burqin II,,,49.5,33
Butuo Le’an,,,49.5,33
Caijiagou,,,49.5,33
Caijiazhai I,湖北,,48.0,24
Caijiazhai I,湖北,,1.5,1
Caijiazhai II,湖北,,28.0,14
Caijiazhai II,湖北,,2.5,1
Caishenliang I,,,49.5,33
Caishenliang II,,,50.0,25
Cangfang,,,48.0,24
Cangnan,,,3.0,5
Cangnan 2,,,300.0,75
Caodian,,,49.5,33
Caoduozi,,,2.0,1
Caoduozi,,,40.5,27
Caoduozi,,,2.0,1
Caojian Liangzi I,,,49.5,33
Caojiashan I,,,49.5,33
Caojiashan II,,,49.5,33
Caoluopingzi,,,48.0,24
Caoshan,,,36.0,24
CECEP Yangjiang Nanpeng Island,,,300.0,55
CGN Daishan 4,,,216.0,50
CGN Jieyang Huilai IV,,,"1,000.0",143
CGN Jieyang Huilai V,,,"1,000.0",143
CGN Pingtan Island,,,284.0,71
CGN Shanwei Houhu,,,500.0,91
CGN Yangjiang Nanpeng Island,,,401.5,73
CGN Yanjiang Fanshi I,,,"1,000.0",143
CGN Yanjiang Fanshi II,,,"1,000.0",143
CGNPC Shanwei Jieshi,,,"3,000.0",429
Chabei,,,43.5,29
Chabeibaita Project,,,100.5,67
Chaiwopu (No.2),,,7.5,10
Chaiwopu (No.2),,,1.2,4
Chaiwopu (No.2),,,1.2,4
Chaiwopu (No.2),,,2.0,4
Chaiwopu (No.2),,,5.7,19
Chaiwopu (No.2),,,0.6,2
Chaiwopu (No.2),,,7.2,12
Chaiwopu (No.2),,,39.6,66
Chaiwopu (No.2),,,0.3,1
Chaiwopu (No.2),,,2.0,4
Chaiwopu (No.2),,,15.5,31
Chaka I,青海,,25.5,17
Chaka I,青海,,24.0,12
Changcheng I,,,49.5,33
Changcheng II,,,50.0,25
Changcheng III,,,38.0,19
Changdao,,,27.2,32
Changfangshan,,,48.0,24
Changle Area A,,,300.0,40
Changling (Jiangxi),江西,,12.0,8
Changling (Jiangxi),江西,,22.5,15
Changling (Jiangxi),江西,,36.0,24
Changling II,,,9.0,6
Changling II,,,49.5,33
Changlinzi,,,48.0,24
Changlinzi,,,1.5,1
Changma,甘肃,,201.0,134
Changma Daba,,,99.0,33
Changqing,,,50.0,25
Changshan,,,48.0,24
Changtu,辽宁,,50.3,67
Changxing,浙江,,100.0,50
Changxing Heping,浙江,,70.4,32
Changxing Island,浙江,,20.0,10
Changxingdao,浙江,,1.0,4
Changxingdao,浙江,,4.0,16
Changxingdao,浙江,,2.4,4
Changyi  II,,,49.5,33
Changyi I,,,49.5,33
Changyi I,,,49.5,33
Changyi II,,,48.0,24
Changzi Shizhe,,,99.0,45
Chanziding,,,49.5,33
Chaodong,,,48.0,24
Chaojiandai,,,150.0,75
Chaoyang  Kazuozhong sanjia,,,4.5,3
Chaoyang Lishugou,,,49.5,33
Chashan,,,34.5,23
Chashan,,,24.0,16
Chayuan,,,84.0,42
Chengdingshan II Weifang,,,50.0,25
Chengmei,,,50.0,25
Chengshan Sancun,,,48.8,39
Chengtian,,,49.5,66
Chenjiang Xiangshui,,,201.0,134
Chenping,,,26.5,5
Chicheng Phase I,,,11.3,15
Chifeng,内蒙古,,4.0,6
Chifeng Qingmachang & Tazishan,内蒙古,,63.0,84
Chifeng Qingmachang - Tashanzi Project,内蒙古,,36.0,48
Chifeng Saihan,内蒙古,,30.0,36
Chifeng Xinsheng Wind Power Co Ltd,内蒙古,,101.0,134
Chifeng Yihegong Project,内蒙古,,1.5,1
Chifeng Yihegong Project,内蒙古,,48.0,32
Chigu,,,18.0,5
Chongming,上海,,48.0,24
Chongming,上海,,12.0,6
Chongming,上海,,10.0,5
Chongming,上海,,24.0,12
Chuancheng,,,48.0,24
Chuanjing I,,,49.3,58
Chuanjing II,,,49.5,66
Chuanjing III,,,49.5,66
Chuanjing IV,,,49.3,58
Chuanjing V,,,49.5,33
Chuanshan,,,45.0,30
Chuansu,,,50.0,25
Chudao,,,48.0,24
Chunyangshan,,,80.0,40
CNOOC Weihai,,,51.0,34
CNOOC Weihai II,,,45.0,30
CTGNE Jiangsu Dafeng H8-2,,,129.0,20
CTGNE Jiangsu Dafeng H8-2,,,171.0,38
CTGNE Yangjiang Shapa,,,300.0,55
CTGNE Yangjiang Shapa,,,100.0,18
CTGNE Yangjiang Shapa,,,300.0,55
CTGNE Yangjiang Shapa - phase II,,,399.9,62
Cun,,,9.4,11
Daaobao I,,,49.5,33
Daaobao II,,,50.0,20
Dabaishan,,,3.0,2
Dabaishan,,,49.5,33
Dabancheng,新疆,,300.0,200
Dabancheng CGN,新疆,,50.0,8
Dabancheng CGN,新疆,,50.0,8
Dabancheng Sanchang I,新疆,,30.0,40
Dabancheng Sanchang II,新疆,,7.5,5
Dabancheng Sanchang II,新疆,,22.5,15
Dabancheng Sanchang II,新疆,,2.0,13
Dabancheng Sanchang III,新疆,,49.5,33
Dabancheng Sanchang IV,新疆,,33.0,22
Dabancheng Tianrun,新疆,,37.5,6
Dabieshan,,,29.8,35
Dabu,,,42.0,21
Dachangshan,,,3.6,6
Daditaihong I,,,49.5,33
Daditaihong II,,,49.5,33
Dadonggou,,,19.5,13
Dadonggou,,,25.5,17
Dadonggou,,,76.5,90
Dadongshan,,,50.0,25
Dafeng,江苏,,1.5,1
Dafeng,江苏,,52.5,35
Dafeng,江苏,,57.0,76
Dafeng,江苏,,138.0,92
Dafeng,江苏,,200.0,80
Dafeng 1500 Project,,,1.5,1
Dafeng Intertidal Demonstration,,,2.0,1
Dafengping,,,48.0,24
Dafengyakou,,,33.0,22
Dagang,,,49.5,33
Dagangzi II,,,49.5,33
Dagangzi III,,,49.5,33
Dagangzi IV,,,49.5,33
Dagangzi V,,,49.5,33
Dagele I,青海,,45.0,33
Dagele II,青海,,45.0,33
Dageling,,,49.5,33
Daguashan,,,300.0,150
Daguishan I,,,40.0,20
Dahai Liangzi I,,,48.0,24
Dahanshan I,,,48.0,24
Dahanshan II,,,48.0,24
Dahao CRP,,,18.0,9
Daheishan,,,8.0,4
Daheyan I,,,49.5,33
Dahuaishan,广西,,100.0,50
Dahuaishan,广西,,100.0,50
Dahuling,,,50.0,25
Dahuxian,,,30.0,15
Dailiji Aorimu,,,49.5,33
Daimagou,,,49.3,58
Daimagou,,,1.2,1
Daiqintala,,,49.5,33
Dajianfeng,,,49.5,33
Dajiucaiping,,,49.5,33
Dalaidong,,,49.5,33
Dalang,,,47.5,19
Dalankou,,,0.4,3
Dalankou,,,0.9,6
Dalankou,,,4.0,16
Dalankou,,,3.3,13
Dalankou,,,0.4,2
Dalankou,,,0.6,2
Dalankou,,,0.8,3
Dali,,,40.5,27
Dali,,,21.0,28
Dali,,,1.2,2
Dali,,,5.3,7
Dali,,,4.0,6
Dali,,,9.8,13
Dali,,,10.2,17
Dali Longquan,,,151.3,55
Dalian Zhuanghe III,,,300.0,72
Daliangbei,,,47.5,19
Daliangdong,,,47.5,19
Daling,,,19.5,13
Daling - Xiazhi,,,49.5,33
Daliuhang  I,,,1.8,1
Daliuhang I,,,48.0,24
Daliuhang I,,,1.8,1
Daliuhang I,,,48.0,24
Daliuhang II,,,48.0,24
Daliuhang II,,,48.0,24
Daliuhang II,,,1.8,1
Dalongshan I,云南,,48.0,24
Dalongshan II,云南,,48.0,24
Dalongshan III,云南,,48.0,24
Dalongtan,,,49.5,33
Dalupu,湖南,,48.0,24
Damao Banner,,,439.9,83
Damao Banner,,,60.0,10
Damaobayin 3,内蒙古,,201.0,134
Damaobayin 6,内蒙古,,199.5,133
Damaobayin 7,内蒙古,,199.5,133
Damaoqi (Anhui),,,100.0,40
Dameisha,,,2.0,8
Dangjinshan I,,,49.5,33
Dangjinshan II,,,49.5,33
Dangtu,,,14.7,7
Dangtu,,,30.6,17
Daniu,,,48.0,24
Danjinghe I,,,40.5,54
Danjinghe I,,,80.0,100
Danjinghe I,,,79.5,53
Danzhou I,,,49.5,33
Danzhou II,,,49.5,33
Dapanjian,,,48.0,24
Dapingzi,云南,,49.5,33
Dapoding,,,96.0,48
Daqing I,,,96.0,32
Daqing II,,,96.0,32
Daqing III,,,48.0,16
Daqing IV,,,48.0,16
Daqinghe Yanchang,,,50.0,25
Daqingshan,,,16.2,19
Daquanzi,,,49.5,33
Darenzhuang I,,,49.5,33
Darhan Maoming’an,,,100.0,16
Darongshan,,,25.5,17
Darongshan I,,,22.5,15
Dashan,,,3.0,4
Dashanwan,,,3.6,12
Dashawan,,,50.0,25
Dashentang I,,,26.0,13
Dashentang II,,,50.0,25
Dashuiboluo,,,50.0,25
Dashuikeng II,,,44.0,22
Dashuikeng II,,,5.4,3
Datan (CN),,,48.0,24
Datang Jiangsu Binhai,江苏,海上,300.0,95
Datang Laizhou,山东,海上,49.5,33
Datang Laizhou Bay Demonstration Project,山东,海上,200.0,67
Datong,吉林,,49.5,33
Dawu,,,12.8,17
Dawu Jiangjiashan,,,48.3,23
Dawushan,,,34.5,23
Daxindian I,,,48.0,24
Daxindian I,,,1.8,1
Daxiongshan I,,,1.9,1
Daxiongshan I,,,48.0,24
Daxipo,,,49.5,33
Dayandong,,,39.0,26
Dayangpo,,,48.0,24
Dayangpuzi,内蒙古,,59.3,79
Dayangpuzi,内蒙古,,41.3,55
Dayao Bohou,云南,,48.0,24
Dayingpan,,,48.0,24
Dayuanshan,内蒙古,,49.3,58
Dayuanshan,内蒙古,,50.0,25
Dayuanshan,内蒙古,,50.0,25
Dayunshan,,,50.0,25
DDHI Composite Bucket Foundation Test Project,,,2.5,1
Dechang I,,,16.0,8
Dechang II,,,46.0,23
Dechang III,,,47.5,19
Dechang IV,,,47.5,19
Dechang V,,,45.0,18
Dengloujiao,,,44.0,22
Dengloujiao,,,5.4,3
Diannan,,,33.0,22
Diaobingshan,,,21.8,29
Diaolongzui,,,15.0,12
Diaolongzui,,,2.5,2
Diaoyutai,江西,,48.0,24
Dingfeng I,,,42.0,21
Dingjiagou,甘肃,,50.0,25
Dingyanshan,,,48.0,24
Dingyuan Dajinshan,,,49.5,33
Dingyuan Nengrensi,,,48.3,23
Diwopu,,,49.3,58
Diwopu II,,,49.5,33
Domestication wind farm,,,33.0,22
Dongbaiyin,,,1.5,1
Dongbaliang,,,49.5,33
Dongchuan II,,,48.0,24
Dongchudao,,,4.5,3
Dongchudao,,,6.0,4
Dongchudao,,,4.5,3
Dongdazhai,,,96.0,48
Dongfanghong,,,50.0,25
Dongfeng I,,,48.0,24
Dongfeng I,,,1.8,1
Dongfeng II,,,48.0,24
Dongfeng II,,,1.8,1
Donggang,,,10.5,14
Donggang,,,1.5,5
Donggang,,,5.0,9
Donggang,,,5.0,10
Donggangling,,,50.0,25
Donghai Bridge Offshore Wind Farm Phase II,,海上,102.0,34
Donghai Bridge Offshore Wind Farm Phase II (Extension) project,,海上,94.0,27
Donghai Bridge Offshore Wind Farm Phase II (Extension) project,,海上,3.6,1
Donghai Bridge Offshore Wind Farm Phase II (Extension) project,,海上,5.0,1
Donghaitang,,,40.0,20
Donghong I,,,1.8,1
Donghong I,,,48.0,24
Donghong III,,,1.8,1
Donghong III,,,48.0,24
Donghua,,,31.5,21
Dongli I,,,49.5,33
Dongli II,,,49.5,33
Dongling,,,19.5,13
Dongling,,,25.5,17
Dongning Huafu,,,49.5,33
Dongnuo,,,48.0,24
Dongshan,,,3.4,4
Dongshan,,,49.3,58
Dongshan,,,49.3,58
Dongshan (Heilongjiang),,,37.5,25
Dongshan (Yunnan),,,40.5,27
Dongshan-Guyuan,,,30.6,36
Dongshanhai,,,50.0,25
Dongshanhai Huanbu,,,49.5,33
Dongsigang,,,49.5,33
Dongtai Four (H2),,,302.4,75
Dongtai I,,,201.0,134
Dongtai II,,,200.0,100
Dongtai III,,,110.0,55
Dongtaizi,,,48.0,24
Dongtan,,,15.0,10
Dongtian,,,48.0,24
Dongtou,,,13.5,18
Dongwangsha,,,4.5,3
Dongxing II,,,48.0,24
Dongxing II,,,1.8,1
Dongxinghe,,,31.5,21
Dongxinghe,,,18.0,12
Dongxinrong,,,79.5,53
Dongxinrong,,,12.8,15
Dongxinrong,,,21.0,14
Dongxinrong,,,20.4,24
Dongying,,,49.5,33
Dongying Hekou,,,49.2,24
Dongying Hekou,,,2.1,1
Dongying Hekou,,,49.5,33
Dongyuan,,,24.0,16
Dongyuan,,,24.0,16
Dongyuan,,,100.5,67
Dongzhangjia,,,50.3,67
Douchang,,,30.0,20
Du Mon-Phase 1,,,4.9,4
Duanzhuang,北京,,49.5,33
Duimen Liangzi,,,90.0,45
Duimenshan,,,48.0,24
Dundunliang,,,3.0,2
Dundunliang,,,24.0,32
Dundunliang,,,25.5,34
Dushikou,,,36.0,24
Dushikou,,,12.8,17
Duyun Qingfeng,,,73.8,41
Duyun Qingfeng,,,75.9,33
East Sea Bridge 1,,,102.0,34
East Sea Bridge 2,,,102.0,28
Eerduosi Phase II,,,0.8,1
Eergetu I,,,49.5,30
Eman,,,31.5,21
Eman,,,49.5,33
Eneng,新疆,,100.0,40
Erduosi Phase II,,,48.8,65
Erlianhaote,,,10.5,7
Erlianhaote,,,10.5,7
Ermeishan III,,,28.5,19
Eryuan,云南,,49.5,33
Faku,辽宁,,42.5,50
Faku,辽宁,,49.5,33
Faku,辽宁,,49.5,33
Faku,辽宁,,49.5,33
Faku,辽宁,,48.0,24
Fangcheng I,河南,,23.3,31
Fangcheng II,河南,,30.0,20
Fangcheng III,河南,,34.0,17
Fangchenggang,广西,,55.0,25
Fangdiping,,,30.0,20
Fangjiatun,,,49.5,66
Fangshan (Henan),河南,,23.3,31
Fangshan (Liaoning),辽宁,,49.5,33
Fangshan (Shandong),山东,,1.7,2
Fangshan (Shandong),山东,,49.5,33
Fangshan),,,1.5,2
Fang’an,,,75.0,50
Feilongding,,,49.5,33
Feixi,,,34.0,17
Feixian I,,,80.0,40
Fengchuiling,,,48.0,24
Fengdianzhiqing,,,100.0,50
Fengdikeng I,,,34.5,23
Fengdikeng I,,,15.0,6
Fengdikeng II,,,2.0,1
Fengdikeng II,,,47.5,19
Fenghuangshan,,,100.0,50
Fenghuangshan (Inner Mongolia),内蒙古,,50.0,25
Fenghuangshan I,,,38.0,19
Fenghuangshan II,,,38.0,19
Fengjigou,,,66.0,30
Fengle,云南,,14.4,12
Fengle,云南,,32.4,27
Fengming,,,28.5,19
Fengning Shuiquan,,,50.0,27
Fengshan,,,0.5,2
Fengshan,,,0.3,1
Fengshan,,,15.6,12
Fengshan (Guangdong),广东,,50.0,25
Fengshuishan I,,,49.5,33
Fengshuishan II,,,49.5,33
Fengshuishan III,,,48.0,24
Fengtaishan,,,100.0,50
Fengtun,,,49.5,33
Fengyudian,,,48.0,24
Fengyudian,,,1.9,1
Fuchi,,,49.5,33
Fuhai,,,9.0,6
Fujian Dongshan Zhangzhou Chen,,,49.5,33
Fujian Putian City Flat Bay,,,50.0,10
Fujian Putian City Flat Bay,,,203.0,29
Fujian Putian City Flat Bay Three,,,312.0,52
Fujian Putian City Flat Bay Two,,,246.0,41
Fujiashan,,,100.0,50
Fujin I,,,48.0,32
Fujin II,,,18.0,12
Fulai,,,100.0,40
Fuli,,,48.0,24
Fuqiang,,,49.5,33
Fuqing,,,5.0,1
Fuqing Haitan Strait,,,200.0,40
Fuqing Jiangyin,,,14.0,7
Fuqing Xinghua Bay,,,280.0,45
Fuquanshan,,,45.0,18
Futoushi,,,49.5,33
Fuwang,,,102.0,26
Fuyingdao,,,48.0,24
Fuyu I,,,49.5,33
Fuyu III,,,49.5,33
Fuyuan,,,27.0,18
Fuyuan,,,3.0,2
Fuyuan,,,27.0,18
Fuyuan,,,4.5,3
Fuyuan West III,,,400.0,70
Gancheng I,,,49.5,33
Gangxi,,,25.5,17
Gangxi,,,43.5,29
Gangzi,,,49.5,33
Ganhaizi,,,40.5,27
Ganhekou 5,,,51.0,34
Ganhekou 7,,,201.0,134
Ganshan,河南,,50.0,20
Gansu Anxi,甘肃,,100.5,134
Gansu Xiangyang,甘肃,,12.0,8
Gansu Xiangyang,甘肃,,37.5,25
Gaobangshan,,,25.0,10
Gaobangshan,,,74.8,34
Gaoerzhen,,,49.5,33
Gaohuochang,,,49.5,33
Gaojiabao I,,,49.5,33
Gaojiabao II,,,49.5,33
Gaojiabao III,,,49.5,33
Gaojiabao IV,,,49.5,33
Gaojiayan,,,49.5,33
Gaojiayan II,,,160.0,80
Gaoligou,,,27.8,37
Gaoligou,,,19.5,26
Gaopai I,,,48.0,24
Gaoshan I,,,20.0,10
Gaoshan II,,,36.0,18
Gaoshanzi,,,37.5,25
Gaoyou,,,49.5,33
Gaoyou,,,55.0,25
Gaoyushan,,,70.0,28
Gaozhou,,,67.2,79
Gao’er,,,48.0,24
Gayakou,,,1.5,1
Gayakou,,,48.0,24
Gengsheng,,,7.3,11
Gengsheng,,,22.8,38
Gengsheng,,,7.5,5
Geshang,,,21.6,12
Geshang,,,26.4,12
Gongbaolage,,,39.8,53
Gouzhang,,,48.0,24
Guandao,,,150.0,60
Guangfayong,,,49.5,33
Guangling Diandingshan Phase I,,,49.5,33
Guangling Diandingshan Phase II,,,47.9,29
Guangling Diandingshan Phase III,,,49.5,30
Guangrao,,,50.0,20
Guangtoushan,,,36.0,18
Guangyanghu,,,101.2,46
Guanhu I,,,49.5,33
Guanhu II,,,49.5,33
Guanhu III,,,48.4,22
Guanjiazui,,,50.0,25
Guanritai,,,49.5,33
Guanshan,,,50.0,25
Guanshan I,,,48.0,24
Guanting,,,70.5,47
Guanting,,,15.0,10
Guanting 2.5MW,,,2.5,1
Guanting Phase II,,,85.5,57
Guanting test wind turbine,,,2.5,1
Guanting Yanqing,,,15.0,10
Guanyinge,,,50.0,20
Guanyinshan,,,39.0,26
Guan’erxiang,,,100.0,50
Guidong,,,48.0,24
Guidong,,,36.0,18
Guijiaying,,,49.5,33
Guishan,,,102.0,34
Guishan,,,19.5,3
Guizhou Plateau,,,49.5,33
Guochanhua,,,49.5,33
Guodian Zhoushan Putuo 6 Offshore Wind Farm,,,252.0,63
Guojiadian I,,,48.0,24
Guojiadian I,,,1.8,1
Guojiadian II,,,48.0,24
Guojiadian II,,,1.8,1
Guojiawan,,,48.0,24
Guojiawan,,,1.5,1
Guoshui Diaobingshanquanyangou,,,49.5,33
Gutaishan I,,,50.0,25
Guyuan,,,48.0,24
Guyuan I,,,100.5,67
Guyuan II,,,100.5,67
Guyuan Wuhuaping,,,49.5,33
Haiba,,,36.0,18
Haishan,,,49.5,33
Haishandao,,,49.5,33
Haituo I,,,49.5,33
Haituo II,,,48.0,24
Haituo II,,,1.5,1
Haituo III,,,48.0,24
Haituo III,,,1.5,1
Haituo IV,,,48.0,24
Haituo IV,,,1.5,1
Haiwan,,,3.4,4
Haiwanshi,,,13.2,22
Haiyan (Zhejiang),,,40.0,20
Haiyang,,,49.5,33
Haiyang Dongfang,,,48.0,24
Haiyang Dongfang,,,1.8,1
Haiyangshao,,,48.0,24
Haiyangshao,,,1.5,1
Haiyuan I,,,49.5,33
Haiyuan II,,,49.5,33
Haiyuan II,,,49.5,33
Haiyuan III,,,49.5,33
Haiyuan III,,,49.5,33
Haiyuan III,,,49.5,33
Haiyuan III,,,49.5,33
Halunhuduga,,,49.5,33
Hami Santanghu Phase I,,,49.5,66
Hami Shisanjianfang,,,50.4,9
Hami Yandun,,,201.0,67
Hangjingqi Wujier I,,,49.5,33
Hanshan (Anhui),,,46.5,31
Hanshan (Anhui),,,30.0,15
Hanshan (Anhui),,,120.0,60
Hanshan (Inner Mongolia),,,100.0,50
Hanshan-Chifeng,,,354.0,236
Hanwula,,,49.5,33
Haorigetu,,,100.5,67
Haorigetu,,,199.7,121
Haotan,,,50.0,25
Hebi,河南,,49.5,33
HEC Lamma Offshore Wind Farm,,,100.0,35
Hedingshan,,,5.1,6
Hedingshan,,,1.0,2
Hedingshan,,,7.8,13
Hedingshan,,,0.3,1
Hedingshan,,,0.5,2
Heihe daheishan project,,,49.5,33
Heilongjiang Province Qiqihar City Keshan County,,,18.0,4
Heiyazi I,,,48.0,24
Heiyazi II,,,48.0,24
Heiyazi West,,,45.0,15
Heiyazi West,,,4.0,2
Heiyupao I,,,49.5,33
Heiyupao II,,,49.5,33
Heiyupao III,,,49.5,33
Heiyupao IV,,,49.5,33
Hekou,山西,,48.0,24
Hekou,山西,,48.0,24
Hekou I,山西,,49.5,33
Hekou II,山西,,49.5,33
Hekou III,山西,,49.5,33
Hekou IV,山西,,49.5,33
Hengdong,,,21.0,5
Hengjian,,,100.0,50
Henglong,,,48.3,23
Hengqin,,,15.8,21
Hezhang Wuli,,,49.5,33
Hong Kong Offshore Wind Farm in Southeastern Waters,,,201.0,67
Hongdunzi,,,45.0,60
Honggangzi,,,48.0,24
Honghaiwan,,,6.6,10
Honghaiwan,,,9.9,15
Hongji  III,,,49.3,58
Hongji I,,,49.3,58
Hongji II,,,49.3,58
Hongji IV,,,49.3,58
Hongji V,,,49.3,58
Hongji VI,,,50.0,25
Hongliuquan II,,,400.0,64
Hongmu I,,,48.0,24
Hongmu II,,,49.5,33
Hongnijing I,,,49.5,33
Hongnijing II,,,49.5,33
Hongshan I,甘肃,,48.0,24
Hongshan I,甘肃,,1.5,1
Hongshishan,,,46.0,23
Hongsibao,,,49.5,33
Hongsongwa,,,49.5,66
Hongsongwa,,,3.6,6
Hongsongwa,,,20.4,34
Hongsongwa,,,25.2,42
Hongsongwa,,,4.5,6
Hongsongwa,,,52.5,70
Hongsongwa,,,49.5,66
Hongtiguan II,,,30.0,10
Hongtu Jingzi,,,51.0,17
Honiton Energy I,,,50.0,40
Honiton Energy II,,,50.0,40
Horqin Zuoyihou,,,128.8,23
Houpabu,,,31.5,21
Houshanzai,,,16.2,19
Houxinqiu,,,14.5,17
Houxinqiu,,,10.2,12
Houxinqiu,,,14.5,17
Huabei Wuchan,,,49.5,33
Huade I,,,49.5,33
Huade I,,,49.5,66
Huade II,,,49.5,33
Huade III,,,49.5,33
Huade IV,,,49.5,33
Huade V,,,49.5,33
Huade VI,,,49.5,33
Huade VII,,,49.5,33
Huade VIII,,,49.5,33
Huadeng I,,,49.5,33
Huadeng II,,,49.5,33
Huadian Laizhou I,,,40.5,25
Huadian Shapu,,,30.0,20
Huadian Yangjiang Qingzhou III,,,500.0,78
Huahai,,,48.0,24
Huahai,,,1.5,1
Huaishuo I,,,49.5,33
Huamachi,,,50.0,25
Huaneng,,,50.0,8
Huaneng Guanyun,,,300.0,48
Huaneng Guanyun,,,100.0,24
Huaneng Rongcheng Power Prototype Demonstration Project,,,6.0,2
Huaneng Rudong,,,146.4,36
Huaneng Rudong,,,156.0,34
Huaneng zhenglai mali Wind Farm Phase I,,,9.0,6
Huangang,,,49.5,33
Huangang,,,58.5,39
Huangbai Mountain,,,20.4,24
Huangbaiqing,,,50.0,25
Huangdao,,,27.0,18
Huanghai I,,,50.0,25
Huanghai II,,,98.7,47
Huanghua I,,,24.0,16
Huanghua I,,,25.5,17
Huanghua II,,,24.0,16
Huanghua II,,,25.5,17
Huanghualiang,,,48.0,24
Huanghualiang,,,1.5,1
Huanghualing,,,50.0,25
Huangjia,,,49.5,33
Huangkeng,,,40.0,20
Huanglianshan,,,48.4,22
Huanglongshan,,,74.0,37
Huangqi,,,40.0,20
Huangtuliang,,,49.5,33
Huangtuling,,,48.0,24
Huangwan,,,50.0,25
Huangyan I,,,42.0,21
Huangyangwa I,内蒙古,,100.0,50
Huaran II,,,100.0,50
Huashan,,,48.0,24
Huashan,,,1.8,1
Huashan,,,48.0,24
Huashan,,,1.8,1
Huhenuo’er,,,49.5,33
Huianbao I,,,9.0,5
Huianbao I,,,40.0,20
Huianbao II,,,40.0,20
Huianbao II,,,9.0,5
Huicailiang,,,4.8,8
Huicailiang,,,0.6,2
Huicailiang,,,3.3,11
Huicailiang,,,0.6,2
Huicailiang,,,0.6,1
Huidong Lama,,,49.5,33
Huidong Lubei,,,50.0,25
Huihe,,,49.5,33
Huitengliang,,,49.5,33
Huitengliang,,,49.5,33
Huitengliang,,,50.0,40
Huitengliang,,,0.8,1
Huitengliang,,,48.8,65
Huitengliang,,,7.5,5
Huitengxile,,,15.0,10
Huitengxile,,,5.4,9
Huitengxile,,,19.8,33
Huitengxile,,,5.0,10
Huitengxile,,,5.4,9
Huitengxile,,,0.6,1
Huitengxile,,,0.6,1
Huitengxile,,,5.4,9
Huitengxile,,,10.8,12
Huitengxile,,,50.0,25
Huludao Gaoqiao,,,48.0,24
Hulunbeier,,,50.0,25
Hutoushan,,,49.5,33
Hutoushan,,,49.5,33
Jiahu,,,49.2,24
Jiancaitang I,,,45.0,30
Jiancaitang II,,,49.5,33
Jiange Tiantaishan,,,33.0,15
Jiange Tiantaishan,,,17.6,8
Jiange Tiantaishan,,,33.0,15
Jiange Tiantaishan,,,17.6,8
Jianggang,,,45.0,30
Jianggang,,,6.0,4
Jianggang Nongchang,,,99.0,45
Jianggongling,,,48.0,24
Jiangjunshan,,,14.0,5
Jiangkou,,,48.0,24
Jiangsheng,,,49.5,33
Jiangsu Longyuan Chiang Sand,,,300.0,75
Jiangsu Luneng Dongtai,,,200.0,50
Jiangsu Rudong 150MW Offshore,,,50.0,20
Jiangsu Rudong 150MW Offshore (Intertidal) Demonstration Wind Farm,,,99.3,38
Jiangsu Rudong 150MW Offshore (Intertidal) Demonstration Wind Farm,,,50.0,20
Jiangsu Rudong H3,,,100.0,20
Jiangsu Rudong H3,,,300.0,60
Jiangsu Rudong Jiangjiasha H2,,,300.0,67
Jiangzhuang,江苏,,74.0,37
Jianping (Jilin),吉林,,3.0,2
Jianshan,,,40.0,20
Jianshanliangzi,,,49.5,33
Jiantou Shanxi Lingqiu Hanfengling,,,33.0,22
Jiantou Shanxi Lingqiu Hanfengling,,,16.5,11
Jianxi,,,49.5,33
Jiaochekou,,,24.7,29
Jiaochekou,,,24.7,29
Jiaonan Liuwang,,,45.0,30
Jiaonan Liuwang,,,49.5,33
Jiaoziding,,,48.0,24
Jiazi I,,,500.0,91
Jiazi II,,,403.0,50
Jiazi III,,,600.0,86
Jicheng,,,49.5,33
Jiedi Jianhe,,,14.0,7
Jieji I,,,50.0,25
Jieji II,,,50.0,25
Jiepai,,,48.0,24
Jieshan I,,,48.0,24
Jieshan II,,,75.6,36
Jieshou I,广西,,50.0,25
Jieshou II,广西,,50.0,25
Jigongdong,,,48.0,24
Jigongshan,,,34.9,41
Jilin Tongyu Tongfa,吉林,,100.5,118
Jimunai,,,48.0,24
Jimunai,,,1.5,1
Jinbutun,,,40.8,48
Jinbutun,,,33.2,39
Jingbian I,,,50.0,25
Jingbian II,,,48.0,24
Jingbian II,,,1.5,1
Jingbian III,,,48.0,24
Jingbian III,,,1.5,1
Jingbian Wanzhuang,,,8.4,2
Jinghai,,,150.0,28
Jingmen,湖北,,48.0,24
Jingneng Saihan,,,22.5,30
Jingneng Saihan,,,27.0,18
Jingongshan,,,49.5,33
Jingqu,,,48.0,24
Jingqu,,,1.8,1
Jingxia 2A&B,,,400.5,267
Jingxia 5A,,,300.0,120
Jingyuan Dongsheng Sanfengyuan,,,53.0,10
Jingyuan Dongsheng Xiaoheishan,,,53.0,10
Jinhua,,,49.5,33
Jinhuashan,,,100.0,40
Jinnengwenggengshan,,,49.5,33
Jinping West I,,,100.0,25
Jinping West I,,,250.0,40
Jinquan,,,48.0,24
Jinshan,,,24.0,16
Jinshan,,,6.0,4
Jintang,,,50.0,25
Jintongpen,,,38.0,19
Jinzhu,,,50.0,25
Jinzixian,湖南,,50.0,25
Jiqing,湖南,,50.0,25
Jishanhu,,,30.0,20
Jishanliang I,,,49.5,33
Jishanliang II,,,49.5,33
Jishanliang III,,,49.5,33
Jiucaiping I,,,49.5,33
Jiucaiping II,,,49.5,33
Jiuchao,,,80.0,40
Jiugongshan,,,13.6,16
Jiujiang Changling,江西,,12.0,8
Jiujiang Changling,江西,,22.5,15
Jiulongdi,,,1.0,1
Jiulongdi,,,5.9,9
Jiulongdi,,,0.6,1
Jiulongdi,,,0.7,1
Jiulongdi,,,5.2,4
Jiulongdi,,,0.6,1
Jiulongdi,,,6.0,10
Jiulongdi,,,1.2,2
Jiulongdi,,,0.6,1
Jiulongdi,,,0.7,1
Jiulongdi,,,10.2,17
Jiulongdi,,,1.0,1
Jiulongfeng,,,50.0,25
Jiulongshan,山西,,47.5,19
Jiulongshan,山西,,48.0,24
Jiulongshan,山西,,48.0,24
Jiulongshan I,山西,,1.8,1
Jiuqian,,,99.0,33
Jiuzeshui,,,80.0,40
Jixian Taiyangshan,,,49.5,33
Jiyuan,,,50.0,25
Juye,,,49.5,15
Kailu Yihetala I,,,99.0,66
Kailuyihetala,,,9.0,6
Kaiyuan Lugumu,,,23.0,10
Kaiyuan Lugumu,,,25.0,10
Kangbao I,,,49.5,33
Kangbao II,,,50.0,25
Kangbao III,,,100.0,50
Kangbao Pasture,,,100.5,67
Kangbao Sanxiatian,,,49.5,33
Kangbao Zhaoyang,,,49.5,33
Kangleng,,,49.5,33
Kangleng,,,34.5,23
Kangleng,,,49.5,33
Kangping I,,,49.5,33
Kedong Aihua,,,49.5,33
Keshanshuguang,,,49.5,33
Keshiketeng County Huifeng New Energy,,,49.5,66
Keshiketengqi Project,,,46.5,62
Keyouqianqi,,,49.5,33
Kezuozhongqi,,,49.5,33
Kuai’erma,,,50.0,25
Kulun,,,201.0,134
Kulun,,,50.0,20
Kunlun I,,,48.0,24
Kuocangshan,,,1.5,2
Kuocangshan,,,4.8,8
Kuocangshan,,,15.0,25
Kushui,,,201.0,67
Kushui,,,200.0,80
Laiwu I,,,49.5,33
Laiwu II,,,49.5,33
Laizhou,,,40.5,27
Laizhou I,,,49.5,33
Laizhou Phase III,,,49.5,33
Laizhou Yidao,,,49.5,33
Laizhou Yidao Wind Farm Phase II,,,49.5,33
Lai’an,,,48.0,24
Lai’an I,,,50.0,40
Lai’an II,,,49.5,33
Lai’an III,,,49.5,33
Lai’an IV,,,49.5,33
Lai’An Longtougang,,,49.5,33
Lamma,,,0.8,1
Langergou,,,9.0,6
Langergou I,,,50.0,20
Langergou II,,,50.0,20
Langshabula,,,50.0,25
Langxiang,,,28.1,33
Laochang,,,48.0,24
Laocheng II,,,48.0,24
Laohugang,,,49.5,33
Laoqianshan,,,49.5,33
Laoqianshan,,,49.5,33
Laoqingshan,,,49.5,33
Laoshanjie,,,48.0,24
Laoshuiquan,,,50.0,25
Laoting Bodhi Island 300MW Demonstration,,,300.0,75
Laoting Yuetuo Island 300MW Demonstration,,,300.0,75
Laoyeling,,,49.5,33
Laozhanggai,,,50.4,14
Laozhuangcun,,,48.0,24
Lechengshan,,,44.0,22
Leigongyan,,,100.0,50
Leigutai,,,48.0,24
Leiling East,,,27.2,32
Leiling West,,,22.1,26
Leizhenshan,,,42.0,21
Leizhou Jingzai,广东,,100.0,50
Leping,,,50.0,25
Lesheng I,,,48.0,24
Lesheng I,,,1.5,1
Lesheng II,,,48.0,24
Lesheng II,,,1.5,1
Leting I,,,49.5,33
Liancheng,,,5.4,9
Liancheng,,,1.5,2
Liancheng,,,1.2,2
Liancheng,,,4.2,7
Liancheng,,,0.8,1
Liancheng,,,27.2,32
Liangshuiquan,,,36.0,18
Liangshuiquan,,,36.0,18
Liangzixiang,,,49.5,33
Lianhe I,云南,,49.5,33
Lianhuashan (Anhui),,,48.0,24
Lianhuashan (Yunnan),,,90.0,45
Lianyuan Longshan,,,50.0,25
Licun,,,80.0,40
Lidayao,,,2.5,2
Lieketi I,新疆,,49.5,33
Lieketi II,新疆,,49.5,33
Lihanliang I,,,49.5,33
Lihanliang II,,,49.5,33
Lihanliang III,,,50.0,25
Lihuajian,,,49.5,33
Lijialiang I,陕西,,49.5,33
Lijialiang II,陕西,,49.5,33
Lijin I,,,36.9,18
Lijin I,,,14.4,7
Lijin II,,,49.5,33
Lijingzi-1,,,1.2,4
Lijingzi-1,,,7.2,12
Lijingzi-1,,,7.8,13
Lijingzi-1,,,5.4,9
Lijingzi-1,,,30.6,36
Lijingzi-1,,,11.9,14
Lijingzi-1,,,13.6,16
Lijingzi-1,,,32.3,38
Lijingzi-2,,,17.0,20
Limin II,,,49.5,33
Lingang 6MW Demonstration,,,6.0,1
Lingang New City,,,4.0,2
Lingang New City,,,2.5,2
Lingang New City,,,3.6,1
Lingang New City,,,3.6,1
Lingbao,,,48.0,24
Lingbao Wumu,,,50.0,25
Lingbi Chaoyang,,,37.4,17
Linghai I,,,49.5,33
Linghuashan I,,,48.0,24
Linghuashan II,,,52.0,26
Lingshan (Anhui),安徽,,48.0,24
Lingwu Ningdong,,,49.5,33
Lingwu Ningdong,,,49.5,33
Lingxi,,,36.0,12
Lingxi,,,4.0,2
Lingxi,,,7.5,5
Lingxia,,,22.5,30
Lingyunkou,,,49.5,33
Linian,,,48.3,23
Linian,,,50.4,24
Liniuping I,,,48.0,24
Liniuping I,,,1.5,1
Linjiang,,,49.5,33
Linkou,,,48.0,24
Linqu II,,,49.5,33
Linqu Jiushan,,,50.4,24
Linshu Qingyun,,,50.4,24
Linyi Yishui I,,,48.0,24
Linyi Yishui I,,,1.8,1
Liuao,,,4.0,2
Liuao,,,30.6,36
Liuao,,,45.0,36
Liuao,,,26.0,13
Liuao Area D,,,402.0,60
Liuhe I,,,50.0,25
Liuhe I,,,49.5,33
Liuhe I,,,70.0,28
Liujiashan,,,46.2,21
Liujing I,,,52.8,24
Liujing II,,,48.0,24
Liulongtai,,,100.0,50
Liushan,,,49.5,33
Liushaping,,,49.5,33
Liutai,,,48.0,24
Liutai,,,33.0,15
Liuwangzhuang,,,38.3,45
Liuwangzuan,,,38.3,45
Liuwanshan,,,42.0,21
Liuyuan,,,9.0,6
Liuyuan,,,25.5,17
Liuyuan,,,24.0,16
Liyushan,,,48.0,24
Long Ganhu,,,48.6,27
Longchi,,,100.0,50
Longchuanshan Menqian,,,48.0,24
Longchuanshan Menqian,,,1.5,1
Longgang (Guizhou),,,50.0,25
Longgang (Shandong),,,48.0,24
Longjiao I,,,48.0,24
Longjiao II,,,48.0,24
Longkou I,,,15.0,6
Longkou I,,,34.5,23
Longkou II,,,48.0,24
Longkou II,,,1.8,1
Longmen (Fujian),,,48.0,24
Longmushan,,,74.0,37
Longmushan,,,60.0,1
Longqing,,,46.0,23
Longqiu,,,36.3,11
Longshan,,,48.0,24
Longtangshan I,,,49.5,33
Longwangshan,,,49.5,33
Longxin II,,,1.8,1
Longyuan Jiangsu Dafeng (H12),,,200.0,80
Longyuan Jiangsu Dafeng (H4),,,302.4,48
Longyuan Jiangsu Dafeng (H7),,,200.0,80
Longyuan Putian Nanri Island 50MW Pilot project,,,16.0,4
Longyuan Putian Nanri Island I,,,184.0,46
Longyuan Rudong Intertidal Trial Wind Farm,,,32.0,16
Longyuan Rudong Intertidal Trial Wind Farm,,,49.2,12
Loulan,,,1.5,1
Loulan,,,48.0,24
Luanluozhang,,,66.0,33
Lubei,,,100.0,50
Lubei,,,6.0,10
Lubei (Shandong),,,48.0,32
Luhejin,,,48.0,24
Lujiafan,,,22.0,11
Lujiwan,,,5.3,1
Lulongzhen,,,48.0,16
Lunan,,,49.5,33
Lunaobao,,,30.0,20
Lunaobao,,,70.5,47
Luobuzhuang I,,,50.0,25
Luosike,,,49.5,33
Luotuo Taizi,,,300.0,150
Luotuogou I,,,48.0,24
Luotuogou II,,,48.0,24
Luquan (Gansu),甘肃,,49.5,33
Lushan,,,25.5,17
Lushan,,,24.0,16
Lushen,,,21.0,14
Luyi,,,8.4,2
Luzhen,,,21.0,14
Maanshan (Heilongjiang),,,7.7,9
Maanshan (Heilongjiang),,,40.8,48
Machangshan II,,,48.0,24
Machangshan II,,,1.5,1
Maershan,,,40.0,20
Mafang I,,,48.0,24
Mafang II,,,48.0,24
Magang,,,49.5,33
Mahuangshan I,,,50.0,25
Mahuangshan II,,,49.5,33
Mahuangshan II,,,50.0,25
Mahuangshan Master I,,,44.0,22
Mahuangshan Master I,,,5.4,3
Mahuangshan Shijiawan,,,44.0,22
Mahuangshan Shijiawan,,,5.4,3
Mahuangtan,,,200.0,50
Mahuangtan,,,200.0,50
Malingshan,,,43.2,24
Maming,,,36.0,18
Mandula,,,49.5,33
Mangchuan,,,50.0,20
Mangshan,,,30.0,15
Mangya I,,,20.0,10
Mangya II,,,50.0,25
Manjing,,,49.5,33
Manzhouli project,,,49.5,33
Maojing,,,400.0,200
Maoming I,,,49.5,33
Maoniuping,,,49.5,33
Maoyantian,,,25.0,4
Mapengkou,,,49.5,33
Matang,,,49.5,33
Matou,,,1.5,1
Matou,,,48.0,24
Matoushan (Fujian),,,47.5,19
Matoushan (Henan),,,46.0,23
Matoutan,,,49.5,33
Maziling,,,50.0,25
Mazongshan,,,49.5,33
Mazongshan 1B,,,100.0,50
Mazongshan 1B,,,100.5,67
Ma’anshan (Liaoning),,,49.5,33
Ma’anshan (Yunnan),,,49.5,33
Meiguiying,,,49.3,58
Meiguiying,,,112.0,56
Meiguiying,,,88.0,44
Meijiashan,,,49.5,33
Mengdian Huaneng Zhalute Wulijimuren Wind Farm Phase I,,,49.5,33
Menggushan,,,3.6,6
Menggushan,,,8.4,14
Menghai,,,49.5,33
Mimazongliang I,,,48.0,32
Mimazongliang I,,,1.5,1
Mimazongliang II,,,48.0,32
Mimazongliang II,,,1.5,1
Mingyang Jieyang Huilai III,,,500.0,72
Mingyang Jieyang Qianzhan III,,,500.0,72
Mishan I,,,48.0,24
Mishan I,,,1.8,1
Mishan II,,,48.0,24
Mishan II,,,1.8,1
Mishan III,,,48.0,24
Mishan III,,,1.8,1
Mishan IV,,,48.0,24
Mishan IV,,,1.8,1
Motianling,,,49.5,33
Muchang II,,,100.0,50
Mudanjiang I,,,29.8,35
Mudanjiang II,,,29.8,35
Mudian,,,50.6,22
Muling,,,10.2,12
Muping I,,,42.0,28
Mushan,,,150.0,50
Mutougou,,,50.0,25
MySE16.0-260 prototype,,,16.0,1
Nanan,,,48.0,24
Nanao CRWP,,,11.3,15
Nanao Guangmingcun,,,6.0,8
Nanao II,,,45.1,53
Nanao III,,,15.0,20
Nanao Yunxingcun,,,6.0,8
Nanbao I,,,49.5,33
Nanbao II,,,50.0,25
Nancunzhen I,,,48.0,24
Nancunzhen II,,,92.0,46
Nandian,,,3.0,4
Nandianziliang,,,50.0,25
Nangang,,,90.0,18
Nanhuashan IV,,,49.5,33
Nanjing,,,48.0,24
Nanjing,,,1.5,1
Nanliao,,,49.5,33
Nanri I,,,16.2,19
Nanri III,,,48.5,57
Nantong I,,,49.5,33
Nanyihu,,,49.5,33
Nanyuan,,,19.5,13
Naomaohu I,,,49.5,33
Naomaohu I,,,49.5,33
Naomaohu I,,,49.5,33
Naomaohu I,,,48.0,24
Naomaohu I,,,49.5,33
Naomaohu II,,,49.5,33
Naomaohu II,,,48.0,24
Naomaohu II,,,49.5,33
Naqu,,,7.5,5
Naqu,,,42.0,28
Narenbaolige,,,7.5,10
Nianzishan,,,49.5,33
Nijiadong,,,50.0,25
Ningdong,,,49.5,33
Ningdong,,,45.0,30
Ningdong,,,49.5,33
Ningdong,,,49.5,33
Ningdong,,,50.0,25
Niucaoshan,,,49.5,33
Niujialing I,,,48.0,24
Niupaishan,,,50.0,25
Niupiao,,,32.5,13
Niushoushan I,,,49.5,33
Niushoushan II,,,49.5,33
Niutouling,,,3.0,15
Niutouling,,,24.0,40
Niutouling,,,5.0,10
Niutouling,,,13.5,18
North bridge 1,,,100.5,67
Nuomuhong,,,50.0,25
Nuomuhong I,,,49.5,33
Nuomuhong I,,,49.5,33
Pangu,,,49.5,33
Panshi,,,49.5,33
Pantuoshan,,,44.0,22
Panxian Dapashan,,,48.0,24
Panyang,,,48.0,24
Pan’An Twenty-Four Jian Weixinxiang,,,16.2,9
Pan’An Twenty-Four Jianbei,,,7.2,4
Pan’An Twenty-Four Jianbei,,,12.6,6
Paomaling,,,1.5,2
Paoya Dabeishan,,,49.5,33
PCNE Lingcheng,,,50.4,21
Penglai Hushan,,,48.0,32
Pengze,,,46.2,22
Pianliangcheng,,,50.0,25
Pianliangcheng,,,50.4,24
Pingba,,,100.0,50
Pingcheng II,,,50.1,13
Pingdu Guxian,,,48.0,24
Pinghu,,,32.0,16
Pinghushan II,,,49.5,33
Pingshan,,,48.0,24
Pingshanhu,,,49.5,33
Pingshanhu I,,,49.5,33
Pingshanhu II,,,49.5,33
Pingtouzhen,,,49.5,33
Pingyin I,,,49.5,33
Pingyin II,,,49.5,33
Pingyin III,,,49.5,33
Pingyin III,,,44.0,20
Pingzhou I,,,49.5,33
Pingzhou II,,,49.5,33
Pizhou,,,48.4,22
Puge,,,100.0,50
Puge,,,50.0,25
Puhui Energy Anyang County,,,13.5,3
Pulepu,,,6.0,7
Pulepu,,,18.7,22
Puli,,,48.0,24
Pusamiao,,,21.0,28
Putian Nanri Island II,,,345.0,58
Putunba,,,30.0,15
Puyelin,,,50.0,25
Qiakuertu,,,49.5,33
Qianba I,,,50.0,25
Qianfeng,,,48.0,24
Qianfeng,,,1.5,1
Qianfoshan,,,49.5,33
Qianguowangfu,,,15.0,10
Qianlingshan,,,40.5,27
Qianpai,,,22.5,15
Qianpai,,,27.0,18
Qianshan,,,48.0,24
Qianshan,,,1.5,1
Qiansongba,,,50.0,27
Qiantaizi,,,49.5,33
Qianwei I,,,20.0,10
Qianwei II,,,40.0,20
Qianye,,,60.0,30
Qianzhatai,,,49.5,33
Qian’an I,,,49.5,33
Qian’an II,,,49.5,33
Qiaodong,,,20.0,10
Qiaoshi,,,48.0,24
Qidingshan I,,,48.0,24
Qigan,,,49.5,33
Qikeshu,,,74.0,37
Qikeshu,,,27.0,15
Qikeshu,,,42.0,20
Qikeshu,,,50.6,22
Qilinshan II,,,100.5,67
Qilinshan III,,,100.0,50
Qimashan,,,49.5,33
Qingcaosha,,,48.0,24
Qingfeng,,,62.1,18
Qingfeng (Fujian),,,48.0,24
Qinghai Dachaidan Geermu,,,5.0,1
Qingjing,,,19.5,33
Qinglan,,,50.0,25
Qinglin,,,48.0,24
Qinglong,,,100.0,50
Qingshan,,,49.3,58
Qingshan,,,15.0,10
Qingshan,,,4.5,6
Qingshan,,,10.5,14
Qingshan (Heilongjiang),,,49.5,33
Qingshanjie II,,,32.0,16
Qingshui,,,250.0,100
Qingshuigou,,,49.5,33
Qingtongxia I,,,48.0,24
Qingtongxia II,,,48.0,24
Qingxi,,,47.5,19
Qingyangcha,,,50.0,25
Qingyuan II,,,22.5,15
Qingyuan II,,,6.3,5
Qingyuan II,,,6.0,3
Qingyunliang I,,,50.0,25
Qingyunshan,,,49.5,33
Qinwan,,,46.0,23
Qipanshan I,山西,,50.0,25
Qipanshan II,山西,,50.0,25
Qixian Fengquan,山西,,21.6,12
Qixian Fengquan,山西,,26.4,12
Qiyueshan I,,,49.3,58
Qiyueshan II,,,49.5,33
Qiyueshan III,,,49.5,33
Quanhui,,,99.0,33
Quanshan,,,46.2,22
Quantou,,,49.3,58
Qujiagou,,,49.5,33
Qushou,,,49.5,33
Reshui,,,46.0,23
Reshui,,,3.3,2
Rongcheng,,,48.8,39
Rongcheng,,,49.5,33
Rongcheng,,,6.0,4
Rongcheng,,,6.0,4
Rongcheng,,,49.5,33
Rongcheng,,,49.5,33
Rongchengguohua,,,49.5,33
Rongsheng I,,,48.0,24
Rongsheng I,,,1.8,1
Rongsheng II,,,50.0,25
Rongshui I,,,24.2,11
Rongshui II,,,63.8,29
Rongtang,,,48.0,24
Rudong,,,150.0,75
Rudong H10,,,400.0,100
Rudong H14,,,200.0,50
Rudong H15,,,200.0,50
Rudong H2,,,350.0,70
Rudong H6,,,400.0,100
Rudong Intertidal Zone,,,3.0,2
Rudong intertidal zone longyuan test wind turbine,,,2.5,1
Rudong Offshore Wind Farm Demonstration Project,,,200.0,50
Rudong Offshore Wind Farm Demonstration Project,,,152.0,38
Runfeng (Hebei),,,49.5,33
Runfeng (Henan),,,400.0,200
Runqing 1,,,100.0,50
Rushan,,,39.0,26
Ruzhou Lingyunshan,,,13.5,3
Saertamu I,,,49.5,33
Saertamu II,,,49.5,33
Saihan,,,27.0,18
Saihan II,,,48.0,24
Saihan III,,,49.5,33
Saihan IV,,,49.5,33
Saihanba,,,30.6,36
Saihanba,,,90.1,106
Saiwusu I,,,49.5,33
Saiwusu II,,,49.5,33
Saiwusu III,,,49.5,33
Sajintuo,,,48.0,24
Sandu I,,,83.6,38
Sandu I,,,16.1,7
Sandu II,,,99.0,66
Sange (No.1),,,2.0,13
Sange (No.1),,,1.2,2
Sange (No.1),,,1.4,3
Sange (No.1),,,1.5,3
Sange (No.1),,,3.0,5
Sange (No.1),,,2.4,4
Sange (No.1),,,0.6,1
Sange (No.1),,,4.8,8
Sange (No.1),,,1.5,2
Sange (No.1),,,9.6,16
Sange (No.1),,,1.2,1
Sange (No.1),,,6.6,11
Sange (No.1),,,0.7,1
Sange (No.1),,,1.5,2
Sange (No.1),,,1.2,1
Sange (No.1),,,1.2,1
Sanjiangkou,,,48.0,24
Sanjiaoshan,,,50.0,25
Sanlengshan,,,48.0,24
Sanlong,,,50.0,25
Sanmenzhen I,,,48.0,24
Sanmenzhen II,,,48.0,24
Sanqingshan,,,46.0,23
Sanqingshan,,,3.6,2
Sansheng I,,,49.5,33
Sansheng II,,,49.5,33
Sanshengtai I,,,49.5,33
Santanghu I,,,48.0,24
Santanghu I,,,49.5,33
Santanghu III,,,49.5,33
Sanyueshan I,云南,,48.0,24
Senjitu I,,,150.0,75
Senjitu II,,,250.0,125
Senjitu III,,,148.5,54
Shadege,,,50.0,25
Shagou I,,,49.5,33
Shajingzi,,,49.5,33
Shajingzi II,,,49.5,33
Shajingzi III,,,49.5,33
Shajingzi IV,,,49.5,33
Shajintai,,,10.2,12
Shajintai,,,14.5,17
Shalong,,,49.5,66
Shamaoshan,,,48.0,24
Shandianhe I,,,49.5,33
Shandianhe II,,,99.0,45
Shandong Heze Juancheng Zuoying,,,150.0,75
Shangang,,,42.5,50
Shangang,,,2.6,3
Shangchuandao Island I,,,48.5,57
Shangchuandao Island II,,,36.6,43
Shangdi,,,49.5,33
Shangdu,,,3.6,12
Shangdu,,,49.5,33
Shangdu,,,48.0,16
Shangdu,,,1.5,1
Shangdu Jiqingliang,,,1.5,2
Shangdu Jiqingliang,,,43.5,58
Shanghai,,,1.2,2
Shanghai Electric Shantou Nanpeng I,,,"1,000.0",143
Shanghai Electric Shantou Nanpeng II,,,"1,000.0",143
Shanghai Electric Shantou Nanpeng III,,,"1,000.0",143
Shanghai Electric Shantou Qinpeng I,,,"1,000.0",143
Shanghai Electric Shantou Qinpeng II,,,"1,000.0",143
Shanghai Electric Shantou Qinpeng III,,,"1,000.0",143
Shanghai Electric Shantou Qinpeng IV,,,500.0,71
Shanghai Electric Shantou Zhongpeng I,,,"1,000.0",143
Shanghai Electric Shantou Zhongpeng II,,,"1,000.0",143
Shanghai Electric Shantou Zhongpeng III,,,"1,000.0",143
Shanghai Lingang Demonstration - 1,,,100.0,25
Shanghai Lingang Demonstration - 2,,,100.8,28
Shangpingshi,,,49.5,33
Shangqu,,,48.0,16
Shangyi guoshuitou shijin,,,49.5,33
Shangyi Qijiashan,,,199.5,133
Shangyi Shiren,,,20.5,17
Shangyi Wangyueliang I,,,49.5,33
Shangyi Wangyueliang III,,,48.0,24
Shangyi Wangyueliang III,,,1.5,1
Shangyishiren,,,49.5,33
Shantou Chaonan Phase I,,,18.8,25
Shantou Chaonan Phase I,,,30.8,41
Shantou Chaonan Phase II,,,48.8,65
Shantou Haojiang Wind Power Industrial Park,,,8.0,1
Shanwanzi,,,49.5,33
Shanxi Youyu Part II,,,49.5,33
Shanxian,,,3.0,2
Shaobaishan,,,28.5,19
Shaobaishan,,,49.5,33
Shaogang,,,10.2,12
Shaogang,,,40.8,48
Shaogang,,,4.3,5
Shaogang,,,26.4,31
Shaogang,,,30.6,36
Shaogang,,,39.0,26
Shaogang,,,10.5,7
Shaogang,,,1.5,1
Shatangzi,,,49.5,30
Shazhuyu I,,,49.5,33
Shengchi,,,37.5,50
Shengjiadunliang,,,9.0,6
Shengjiadunliang,,,0.8,1
Shengjiadunliang,,,9.8,13
Shengjiadunliang,,,12.8,17
Shengjiadunliang,,,17.3,23
Shengjingshan,,,96.0,48
Shengliang,,,50.0,25
Shengshuiyu,,,49.5,33
Shengsi 2,,,400.0,67
Shenyang,,,49.5,33
Sheyang H1,,,301.5,67
Sheyang H2,,,301.5,67
Sheyang H2-1,,,103.5,23
Sheyang Linhainongchang,,,50.4,24
Sheyang Teyong,,,48.3,23
Shibanling,广西,,199.5,133
Shibanquan II,,,49.5,33
Shibeishan,,,100.2,167
Shibishan,,,48.3,21
Shicheng,,,40.0,20
Shicheng,,,40.0,20
Shicheng,,,54.0,27
Shicheng Fishing Port,,,200.0,40
Shidongshan,,,49.5,33
Shiguhu II,,,28.0,14
Shihao,,,0.9,1
Shihu,,,49.3,58
Shija,,,48.0,24
Shijia,,,50.6,23
Shijing (Anhui),,,50.0,25
Shijing (Fujian),,,40.0,20
Shijing (Guangxi),,,102.0,26
Shijing I (Fujian),,,40.0,20
Shijing I (Hebei),,,49.5,33
Shijing II (Fujian),,,14.0,7
Shili Pingtan,,,50.0,25
Shiliping I,,,49.5,33
Shilouti,,,44.0,22
Shimaodingzi,,,16.2,19
Shimaodingzi,,,14.5,17
Shiputang I,,,49.5,33
Shiqingshan I,,,45.0,30
Shiquan,,,48.0,24
Shisanjianfang I,,,49.5,33
Shisanjianfang I,,,50.4,9
Shisanjianfang I,,,50.4,9
Shisanjianfang II,,,49.5,33
Shisanjianfang III,,,49.5,33
Shisanjianfang V,,,100.0,16
Shitang,,,48.0,24
Shitangshan,,,199.5,133
Shitoushan,,,32.5,13
Shiwenzi,,,3.9,3
Shiwenzi,,,1.0,1
Shiwenzi,,,27.3,21
Shiyingzi,,,49.3,58
Shiziping,河南,,50.0,20
Shizishan (Yunnan),云南,,49.5,33
Shizishan (Zhejiang),浙江,,49.5,33
Shouguang I,,,49.5,33
Shouguang II,,,49.5,33
Shouguang III,,,49.5,33
Shouguang VI,,,49.5,33
Shuanggangshan,,,49.5,33
Shuangiong,,,49.5,33
Shuangjing,,,49.5,33
Shuangliao I,,,24.7,29
Shuangliao I,,,24.7,29
Shuangliao II,,,25.5,17
Shuangliao II,,,24.0,16
Shuangliao III,,,42.0,28
Shuanglongqing,,,49.5,33
Shuangmiaojian,,,40.0,20
Shuikou,浙江,,48.0,24
Shuiquan,,,39.0,13
Shuiquanzi,,,49.5,33
Shujiashan,,,22.0,11
Shunde I,,,49.5,33
Shunhui,山西,,48.0,24
Shunshan,,,50.0,25
Shusheng I,,,50.0,20
Sifangzhang,,,96.8,44
Sige,,,47.5,19
Sige,,,47.5,19
Sigeng,,,48.0,24
Sihong,,,50.6,22
Sihong Xiehe,,,31.2,13
Sijiazi,,,9.6,12
Siping I,,,49.5,33
Siping II,,,19.5,13
Siping II,,,30.0,20
Siping III,,,48.0,24
Siping IV,,,25.5,17
Siping IV,,,24.0,16
Sipingxinfeng,,,30.0,20
Sishililing,,,120.0,80
Sishilipu,,,50.0,25
Sishui Sizhang,,,48.0,24
Sister Mountain,,,50.0,25
Sitan,,,49.5,33
Siyanping,,,49.3,58
Siziwang Qi I,,,49.5,33
Siziwang Qi II,,,49.5,33
Siziwangqi,,,400.0,160
Siziwangqi Duerbote Project,,,13.5,9
Siziwangqi Duerbote Project,,,36.0,24
Songshantan,,,200.0,100
Songxian,,,76.0,38
SPIC Binhai North H1,,,100.0,25
SPIC Binhai North H2,,,400.0,100
SPIC Binhai South H3,,,300.0,75
SPIC Jieyang Huilai II,,,500.0,72
SPIC Jieyang Qianzhan I,,,"1,200.0",172
Subaoding I,,,50.0,25
Subaoding II,,,50.0,25
Subaoding III,,,50.0,25
Subujing,,,50.0,25
Subujing I,,,100.0,50
Subujing II,,,100.0,50
Suining,,,36.0,18
Suining,,,61.6,28
Suixi Nanping,,,80.0,15
Suizhong 36-1 Oil Field,,,1.5,1
Sujiadian,,,49.5,33
Sujiadian Phase I,,,49.5,33
Sujiatun,,,42.0,21
Sunite IV,,,49.5,33
Suniteyouqi I,,,50.0,25
Suniteyouqi II,,,50.0,25
Sunjiaying Shangchang,,,50.3,67
Sunjiaying Shangchang,,,50.3,67
Sunjiaying Shangchang,,,48.0,24
Sunjiazhai,,,49.5,33
Suocheng,,,30.0,20
Suocheng,,,19.5,26
Tacheng Phase I-II,,,49.5,66
Tacheng Toli,,,50.0,8
Tacheng Toli,,,300.0,48
Taha,,,7.5,5
Taha,,,16.5,11
Taihexian,,,48.0,24
Taiping I,,,49.5,33
Taipingli I,,,48.0,24
Taipingli I,,,1.5,1
Taipingli II,,,50.0,25
Taipingshan 1,,,49.3,58
Taipingzhao,,,250.5,167
Taipingzhao,,,49.5,33
Taipusiqi,,,49.5,33
Taipusiqi Project,,,9.8,13
Taiyangling,,,46.0,23
Taiyangshan,宁夏,,50.0,25
Taiyangshan,宁夏,,50.0,25
Taiyangshan,宁夏,,50.0,25
Taiyangshan (Hubei),湖北,,200.0,100
Taiyangshan I,宁夏,,49.5,33
Taiyangshan I,宁夏,,49.5,33
Taiyangshan I,宁夏,,45.0,60
Taiyangshan II,宁夏,,49.5,33
Taiyangshan II,宁夏,,49.5,33
Taiyangshan II,宁夏,,45.0,45
Taiyangshan II,宁夏,,4.5,3
Taiyangshan III,宁夏,,49.5,33
Taiyangshan III,宁夏,,30.0,30
Taiyangshan III,宁夏,,19.5,13
Taiyangshan III,宁夏,,50.0,25
Taiyangshan IV,宁夏,,24.0,24
Taiyangshan IV,宁夏,,25.5,17
Taiyangshan IV,宁夏,,50.0,25
Taiyuan Heavy Machinery Group,太原,,5.0,1
Taizishan,,,49.5,33
Tancheng Weicheng Honghua,,,99.0,33
Tanglong,,,48.0,24
Tangpeng,,,49.5,33
Tangshanpeng,,,0.5,2
Tangshanpeng,,,4.2,7
Tangshanpeng,,,7.5,10
Tangshanpeng,,,14.3,19
Tangshanpeng,,,3.0,4
Tangshanpeng,,,2.3,3
Tangwangshan I,,,20.4,24
Tangwangshan II,,,49.5,33
Tangwanshan,,,20.4,24
Tangzhuang,,,33.0,15
Tangzikou,,,48.0,24
Tantoushan Island,,,25.5,17
Tanyingpan,,,50.0,25
Taohuashan,,,48.0,24
Taohuashan,,,1.7,1
Taolizhuang,,,18.0,12
Taonan,,,50.2,59
Taonan project,,,49.5,33
Taoyuan (CN),,,42.0,21
Taoyuan (CN),,,1.9,1
Taoyuan (Jiangxi),,,48.0,24
Taoyuan (Jiangxi),,,36.0,18
Tekoujiagu,,,49.5,33
Tengzi I,,,49.5,33
Tengzi II,,,49.5,33
Three Gorges New Energy Guangdong Shantou Nanao Yangdong,,,300.0,60
Three Gorges New Energy Jiangsu Dafeng,,,300.0,73
Three Gorges Shandong Changyi Laizhou Bay,,,400.0,67
Three Gorges Shandong Changyi Laizhou Bay,,,300.0,91
Three Gorges Yangjiang Qingzhou V,,,"1,000.0",143
Three Gorges Yangjiang Qingzhou VI,,,"1,000.0",143
Three Gorges Yangjiang Qingzhou VII,,,"1,000.0",143
Tianchang,,,48.0,24
Tianchu,,,50.0,25
Tianhekou II,,,49.5,33
Tianhekou III,,,49.5,33
Tianhekou IV,,,49.5,33
Tianhushan,江西,,48.0,24
Tianjiazhai I,,,1.5,1
Tianjiazhai I,,,48.0,24
Tianjiazhai II,,,1.5,1
Tianjiazhai II,,,48.0,24
Tianjin Nangang,,,90.0,18
Tianloushan I,,,47.5,19
Tianmushan,,,20.4,24
Tianpaishan,,,100.0,40
Tianrun,,,100.7,19
Tianrun Jami,,,50.0,8
Tianshangping,,,48.0,24
Tiantaishan,,,10.9,14
Tiantangjie,,,49.5,33
Tianyi,,,5.6,1
Tianyi,,,5.3,1
Tianyuan,,,49.5,33
Tiaofengzhen Hongxinlou,,,48.0,24
Tiaofengzhen Hongxinlou,,,1.5,1
Tielieketi I,新疆,,49.5,33
Tielieketi II,新疆,,49.5,33
Tieling Diaobingsham,辽宁,,49.5,33
Toksun I,,,49.5,33
Toksun II,,,49.5,33
Toksun III,,,49.5,33
Toksun IV,,,49.5,33
Tongliao Dailiji,,,49.5,33
Tongliao I,,,49.5,33
Tongliao II,,,49.5,33
Tongliao III,,,49.5,33
Tongliao IV,,,49.5,33
Tongliao Kezuohouqi Xihailasitai,,,49.5,33
Tongliaokezuohouqi,,,49.5,33
Tongxin Hongshanliang,,,49.5,33
Tongxin Magaozhuang Mayuanshan,,,49.5,33
Tongyu,,,7.3,11
Tongyu,,,7.5,5
Tongyu Tuanjie,,,3.0,20
Tongyu Tuanjie,,,50.0,25
Tongyu Tuanjie,,,50.0,25
Tongyu Tuanjie,,,48.0,24
Toudaoping,,,48.0,24
Touzeng I,江苏,,48.0,24
Touzeng II,江苏,,99.0,45
Touzeng II,江苏,,15.9,6
Touzeng II,江苏,,32.0,10
Touzeng II,江苏,,4.8,1
Touzeng II,江苏,,5.2,1
Touzeng III,江苏,,48.3,23
Tuanjie,,,148.0,74
Tuchengzi,,,30.0,40
Tuci,,,30.0,20
Tunken I,,,100.5,67
Tunken II,,,102.0,34
Tunken III,,,100.0,50
Tuoerxun Wind Farm Phase I,,,49.5,66
Tuohongtai,,,1.1,7
Tuojiang,,,1.7,1
Tuojidao,,,12.0,16
Tuokexun Phase I,,,49.5,33
Tuokexun Phase II,,,49.5,66
Tuokexun Phase II,,,50.0,25
Tuokexun Phase IV,,,49.5,33
Tuoli,,,30.0,20
Tuoli,,,30.0,20
Tuoli,,,30.0,40
Tuoli,,,25.5,34
Tuoli,,,4.5,3
Tuoli,,,3.0,2
Tuoli,,,4.5,3
Tuoshan,,,6.0,4
Tuoshan,,,49.5,33
Turiguge,,,15.0,20
Turiguge,,,49.5,66
Tushan,,,1.0,1
Tushan,,,48.0,32
Ulanqab I,,,182.0,35
Ulanqab I,,,143.0,26
Ulanqab I,,,98.8,19
Urumqi Dabancheng,,,156.3,25
Urumqui,,,1.5,3
Urumqui,,,2.4,4
Urumqui,,,2.4,4
Urumqui,,,3.6,6
V-type Floating Demonstration Project,,,12.0,2
Wafangdian I,,,48.0,24
Wangbashan,,,100.5,67
Wanggang,,,3.8,5
Wanghaisi,,,42.5,50
Wanghaotun,,,50.4,21
Wangjiangping,,,50.0,25
Wangjiatun,,,4.5,3
Wangjiatun,,,16.2,19
Wangjiatun,,,33.2,39
Wanglejing Niujijuan,,,50.0,25
Wanglejing Sunjialou,,,50.0,25
Wangmushan,,,47.5,19
Wangshanba,,,100.5,67
Wangshi,,,48.0,24
Wangying,,,48.0,24
Wangyunshan,,,50.0,20
Wangzishan,,,49.5,33
Wanquan I,,,48.0,16
Wanquan II,,,47.5,19
Wanquan II,,,2.0,1
Weichang Dacaozi,,,32.2,14
Weichang Dacaozi,,,18.4,8
Weichang Manchu,,,49.5,33
Weichang Shanwanzi Project,,,49.5,33
Weichang Yangshugou,,,49.5,33
Weichang Yudaokou,,,30.8,41
Weichang Zhangjiawan Project,,,49.5,33
Weifang II,,,49.5,33
Weihai,,,50.0,40
Weihai I,,,19.5,13
Weihai II,,,49.5,33
Weihuliang Dabancheng,,,50.0,8
Weining Laoheishan,,,24.0,16
Weining Laoheishan,,,25.5,17
Weiping,,,49.5,33
Weiping,,,48.4,22
Wendeng Phase II Wind Farm,,,49.5,33
Wenggenshan I,,,49.5,33
Wenggenshan II,,,49.5,33
Wenling 1,,,150.0,100
Wenqiao I,,,44.0,22
Wenqiao II,,,50.0,25
Wenxi,,,100.0,40
Wenzhangling,,,99.0,33
Whenzhou Intertidal,,,"1,200.0",200
Wolongtushan,,,30.0,40
Wudaogou I,,,49.5,66
Wudaogou II,,,50.0,25
Wudaogou III,,,48.0,24
Wudaogou IV,,,48.0,24
Wudengshan I,,,49.5,33
Wudengshan II,,,49.5,33
Wudengshan III,,,50.0,25
Wudengshan IV,,,50.0,25
Wuding Mountain,,,49.5,33
Wuerguli Mountain I,,,30.0,20
Wuerguli Mountain II,,,30.0,20
Wuergulishan,,,27.0,18
Wufengshan,,,50.0,20
Wufutang,,,300.0,120
Wujiaowan,,,30.0,15
Wujiashan I,,,49.5,33
Wujiashan II,,,49.5,33
Wulandabusen,,,1.2,2
Wulanyiligeng,,,70.5,47
Wulaofeng,,,76.0,38
Wulatehouqi,,,99.0,66
Wulatehouqi,,,42.0,56
Wulatehouqi II,,,49.5,33
Wulatehouqi III,,,49.5,33
Wulatehouqi IV,,,51.0,34
Wuliji (CGN) I,,,50.0,40
Wuliji I,,,50.0,25
Wuliji I,,,1.5,1
Wuliji I,,,48.0,24
Wuliji II,,,35.7,42
Wuliji II,,,13.6,16
Wulongshan (Fujian),,,48.0,24
Wulongshan (Liaoning),,,48.0,24
Wulushan I,,,49.5,33
Wulushan II,,,49.5,33
Wulushan III,,,21.0,14
Wumaozi,,,100.0,40
Wushan,,,100.0,50
Wutaishan,,,48.0,24
Wuwei Dongshan,,,19.8,9
Wuwei Shijian,,,50.0,23
Wuxue Dajin,,,80.0,40
Wuyuan I,,,49.5,33
Wuyuan II,,,49.5,33
Wuyueshan I,,,49.6,31
Wuyueshan II,,,48.0,24
Wuzhai,,,48.0,24
Wuzhong,,,99.0,66
Wuzhong 1,,,36.8,49
Wuzhong 2,,,8.3,11
Wuzihe,,,50.0,25
Xiaguan,,,14.0,18
Xian,,,48.0,32
Xian,,,1.5,1
Xianfeng,,,49.5,33
Xianfeng,,,52.8,24
Xiangmingshan,,,48.0,24
Xiangmingshan,,,48.0,24
Xiangshan I,,,46.5,31
Xiangshan I,,,3.0,2
Xiangshan II,,,49.5,33
Xiangshan III,,,49.5,33
Xiangshan IV,,,50.0,25
Xiangshan IX,,,50.0,25
Xiangshan V,,,50.0,25
Xiangshan VI,,,50.0,25
Xiangshan VII,,,49.5,33
Xiangshan VIII,,,50.0,25
Xiangshui,,,2.5,1
Xiangshui Intertidal Pilot Project,,,2.5,1
Xiangshui Intertidal Pilot Project,,,2.0,1
Xiangshui Intertidal Pilot Project,,,2.0,1
Xiangshui Intertidal Pilot Project - Extension,,,3.0,1
Xiangshui Intertidal Pilot Project - Extension,,,3.0,1
Xiangshui Offshore Demonstation Project,,,48.0,18
Xiangshui Offshore Demonstation Project,,,148.0,37
Xiangwan I,,,56.0,28
Xiangyangshan,,,49.5,33
Xianju Guangdu,,,16.2,9
Xianju Guangdu,,,12.6,6
Xiaobailong,云南,,49.5,33
Xiaobaishan,,,49.3,58
Xiaocaohu,,,49.5,66
Xiaocaohu,,,9.0,6
Xiaocaohu,,,49.5,66
Xiaochangshan,,,3.6,6
Xiaochengshan,,,49.3,58
Xiaochizi,,,50.0,25
Xiaodongliang,,,48.0,24
Xiaoerhao,,,49.5,33
Xiaoguokui,,,20.4,24
Xiaohai,,,5.0,20
Xiaohaizi,,,49.5,33
Xiaoheishan,,,4.5,6
Xiaoheishan,,,3.9,3
Xiaoheishan,,,1.5,2
Xiaojiazhuang,,,50.0,25
Xiaoliumu,,,7.5,5
Xiaoliumu,,,19.5,13
Xiaomushan,,,166.0,83
Xiaowutai I,,,41.3,33
Xiaowutai II,,,9.0,6
Xiaoyaoshan I,,,6.0,4
Xiaozaohuo I,,,49.5,33
Xiayangwa,,,50.0,25
Xibaishan,,,33.0,22
Xibaiyin,,,49.5,33
Xicaogou,,,50.0,25
Xichang I,,,95.0,38
Xiejiaping I,,,49.5,33
Xifeng Nanshan,,,48.0,24
Xihuangshan,,,50.0,25
Xihuashan,,,211.5,90
Xili,,,6.0,4
Xiling,,,48.0,24
Xiling,,,1.5,1
Xilinhaote,,,2.0,6
Xilinhaote,,,1.0,4
Xinbaerhu Zuoqi,,,49.5,33
Xinchanggou,,,1.5,1
Xinchanggou,,,48.0,24
Xincuo,,,48.0,24
Xindunmao,,,50.0,25
Xinghua Gulf,,,18.0,3
Xinghua Gulf,,,13.4,2
Xinghua Gulf,,,10.0,2
Xinghua Gulf,,,10.0,2
Xinghua Gulf,,,11.0,2
Xinghua Gulf,,,5.0,1
Xinghua Gulf,,,12.0,2
Xingkaihu Fengmishan,,,37.8,21
Xingkaihu Fengmishan,,,12.0,6
Xingye I,,,129.8,59
Xingzi Shaling,,,40.0,16
Xinhua 1A,,,49.5,33
Xinhua 1B,,,49.5,33
Xinhua 1C,,,49.5,33
Xinhua 1D,,,49.5,33
Xinhua 1E,,,49.5,33
Xinhua 1F,,,49.5,33
Xinjiang Huadian,,,200.0,32
Xinliaodao,,,1.5,1
Xinrong Xiaoyaoshan I,,,49.5,33
Xinrong Xiaoyaoshan II,,,28.5,19
Xinshi,,,48.0,24
Xinxing,,,47.6,56
Xinyi,,,27.0,18
Xin’an,,,1.5,2
Xiqiaoliang I,,,49.5,33
Xiqiaoliang II,,,48.0,24
Xishan (Inner Mongolia),,,30.6,36
Xishan (Xinjiang),,,54.0,9
Xishan Liaoning,,,49.5,33
Xiayangwa,,,50.0,25
Xibaishan,,,33.0,22
Xibaiyin,,,49.5,33
Xicaogou,,,50.0,25
Xichang I,,,95.0,38
Xiejiaping I,,,49.5,33
Xifeng Nanshan,,,48.0,24
Xihuangshan,,,50.0,25
Xihuashan,,,211.5,90
Xili,,,6.0,4
Xiling,,,48.0,24
Xiling,,,1.5,1
Xilinhaote,,,2.0,6
Xilinhaote,,,1.0,4
Xinbaerhu Zuoqi,,,49.5,33
Xinchanggou,,,1.5,1
Xinchanggou,,,48.0,24
Xincuo,,,48.0,24
Xindunmao,,,50.0,25
Xinghua Gulf,,,18.0,3
Xinghua Gulf,,,13.4,2
Xinghua Gulf,,,10.0,2
Xinghua Gulf,,,10.0,2
Xinghua Gulf,,,11.0,2
Xinghua Gulf,,,5.0,1
Xinghua Gulf,,,12.0,2
Xingkaihu Fengmishan,,,37.8,21
Xingkaihu Fengmishan,,,12.0,6
Xingye I,,,129.8,59
Xingzi Shaling,,,40.0,16
Xinhua 1A,,,49.5,33
Xinhua 1B,,,49.5,33
Xinhua 1C,,,49.5,33
Xinhua 1D,,,49.5,33
Xinhua 1E,,,49.5,33
Xinhua 1F,,,49.5,33
Xinjiang Huadian,,,200.0,32
Xinliaodao,,,1.5,1
Xinrong Xiaoyaoshan I,,,49.5,33
Xinrong Xiaoyaoshan II,,,28.5,19
Xinshi,,,48.0,24
Xinxing,,,47.6,56
Xinyi,,,27.0,18
Xin’an,,,1.5,2
Xiqiaoliang I,,,49.5,33
Xiqiaoliang II,,,48.0,24
Xishan (Inner Mongolia),,,30.6,36
Xishan (Xinjiang),,,54.0,9
Xishan Liaoning,,,49.5,33
Xiyan I,,,49.5,33
Xiyan II,,,48.3,23
Xiyan III,,,20.0,10
Xiyang,,,200.0,100
Xizhai,,,1.5,1
Xizhai,,,48.0,24
Xuanhua II,河北,,100.0,50
Xuanhuihe,,,50.0,25
Xuebangshan,,,10.5,7
Xuebangshan,,,7.5,5
Xuebangshan,,,31.5,21
Xuegongling I,,,50.0,25
Xueshan,,,85.0,34
Xujiadian Phase I,,,49.5,33
Xundian I,,,48.0,24
Xundian I,,,1.5,1
Xuwen - North,,,300.0,55
Xuyi I,,,49.5,33
Xuyi II,,,52.0,26
Xuyi II,,,51.2,32
Yanchang Leichi,,,50.4,28
Yanchitan I,,,50.3,15
Yanchitan II,,,50.3,15
Yandun I,新疆,,200.0,80
Yandun IV,新疆,,201.0,67
Yangchajie I,,,100.0,50
Yangchajie II,,,64.0,32
Yangcun I,,,49.5,33
Yangcun II,,,40.0,20
Yangjiadian,,,49.5,33
Yangjiang,,,49.5,33
Yangjiayao,,,45.0,30
Yangjiazhuang,,,100.0,50
Yangjing I,,,50.0,25
Yangjing II,,,50.0,25
Yangkou,,,38.0,19
Yangkou,,,24.0,12
Yangma,,,48.3,23
Yangmaohu,,,49.5,33
Yangmei,,,20.4,24
Yangmeishan Daluwan,,,49.5,33
Yangmeishan Zijia,,,49.5,33
Yangping,,,20.0,10
Yangqian,,,49.5,33
Yangshugou,,,48.0,24
Yangtun,,,49.5,33
Yangxiongshan,,,49.5,33
Yanhu Shicaogou,,,90.0,36
Yanmenguan I,,,48.0,16
Yanmenguan II,,,48.0,16
Yanqing Kangxi,,,15.0,10
Yanshan I-II,,,101.2,46
Yanshan III,,,50.6,23
Yanting,,,30.0,15
Yantoushan,,,50.0,25
Yaoposhan,,,50.0,25
Yaotaishan,,,100.0,50
Yao’an Xiaoqingshan,,,19.8,11
Yao’an Xiaoqingshan,,,26.4,12
Yazizhen,,,48.0,24
Yemaoshan I,,,49.5,33
Yemaotai,,,49.5,33
Yihe,,,150.0,100
Yihe II,,,150.0,60
Yihegong,,,1.5,1
Yihegong,,,46.5,31
Yihewusu,,,17.3,23
Yilan Jiaxinshan,,,49.5,33
Yiminsumu,,,49.5,33
Yingtaogou,,,50.0,20
Yinguang,,,49.5,33
Yinkou,,,7.3,11
Yintoushan,,,49.5,33
Yishi,,,48.0,24
Yiyang,,,48.0,24
Yoaposhan,,,50.0,25
Yongcheng,,,50.4,19
Yongding Hukeng,,,48.0,24
Yongning,,,48.0,24
Yongquan,,,99.0,66
Yongsan,,,48.0,24
Yongtai,,,50.0,25
Yuanbao,,,100.0,50
Yuanjiang,广西,,49.5,33
Yuanqu I,山西,,50.0,25
Yuanqu II,山西,,50.0,25
Yuanqu III,山西,,50.0,25
Yuanqu IV,山西,,50.0,25
Yudaokou,,,52.5,35
Yudaokou,,,49.5,33
Yudaokou Ruyihe,,,48.0,32
Yudaokou Ruyihe,,,152.0,76
Yudean Zhanjiang Wailuo,,,198.0,36
Yuedian Yangjiang Qingzhou I,,,396.0,36
Yuedian Yangjiang Qingzhou II,,,594.0,54
Yuedian Yangjiang Shapa,,,300.0,55
Yuemingshan I,,,48.0,24
Yuemingshan I,,,1.5,1
Yuershan,,,1.2,2
Yueshan,,,29.4,49
Yueshan,,,18.0,30
Yueshan,,,29.4,49
Yueyangshan,,,49.5,33
Yuhuashan,,,48.0,24
Yuji,,,3.0,4
Yuji,,,0.8,1
Yulinzhou,,,7.2,12
Yulinzhou,,,1.5,6
Yumen Diwopu Phase II,,,49.5,33
Yumen Qiduntan 1A,,,201.6,36
Yunfeizhang,,,100.0,40
Yunnan Seven Trees Wind Farm,,,74.0,37
Yunnan Seven Trees Wind Farm,,,126.0,60
Yunnanzhe Moshan,,,30.8,41
Yunshan,,,80.0,40
Yunwuyu I,,,49.5,33
Yunwuyu II,,,49.5,33
Yunxing,,,17.3,23
Yunyang,,,34.0,17
Yushan,,,48.0,24
Yushan,,,48.0,24
Yuxian (Hebei),,,49.5,33
Yuxian Dongxinghe,,,49.5,33
Yuxian Jiugongkou,,,21.0,14
Yuxian Jiugongkou,,,22.5,15
Yuxian Jiugongkou,,,6.0,4
Yuxian Mingpu,,,50.6,22
Yuyang Balasu,,,21.0,7
Zaozhuang Shanting,,,156.6,87
Zaozhuang Shanting,,,112.7,49
Zenlai,,,7.5,5
Zeqi,,,48.0,24
Zezhou,,,88.0,40
Zezhou,,,10.0,10
Zhaike I,,,48.0,24
Zhaike II,,,48.0,24
Zhaixingshan,,,49.5,33
Zhaizibei II,,,48.0,24
Zhaizibei II,,,1.9,1
Zhaluteqi Bao’an,,,51.2,16
Zhaluteqi Bao’an,,,248.2,73
Zhangdianzhen I,,,49.5,33
Zhangjawan,,,21.0,14
Zhangjiachuan I,,,49.5,33
Zhangjiafeng,,,48.0,24
Zhangjiayao,,,49.5,33
Zhangwu Dongfanghong,,,12.0,8
Zhangwu Dongfanghong,,,49.5,33
Zhangzidao,,,3.0,12
Zhanhua Binhai,,,49.5,33
Zhanhua Dongfeng,,,49.5,33
Zhanhua I,,,49.2,24
Zhanhua I,,,2.1,1
Zhanhua I,,,25.2,28
Zhanhua I,,,24.3,27
Zhanhua II,,,49.5,33
Zhanhua II,,,25.0,20
Zhanhua II,,,25.0,20
Zhanhua Taoerhe,,,49.5,33
Zhanjiang 6.2 MW Floating Demo,,,6.2,1
Zhanjiang Wailuo,,,198.0,36
Zhaojiashan,,,48.0,24
Zhaoyanghe,,,49.5,33
Zhaoyangshan,,,100.0,50
Zhaoyuan Xiadian,,,49.5,33
Zhaozhuang,,,130.0,52
Zhejiang Jiaxing 2,,,300.0,50
Zheligentu I,,,48.8,39
Zheligentu II,,,49.5,33
Zheligentu Wind Farm of Plain and Bordered White Banner,,,3.0,2
Zhemoshan I,,,30.8,41
Zhemoshan II,,,15.0,20
Zhenfeng,,,49.5,33
Zhenglai Mali Wind Farm Phase I,,,7.5,5
Zhenlai,,,9.0,6
Zhenlai Mali I,,,49.5,33
Zhenlai Mali II,,,49.5,33
Zhennan,,,50.0,25
Zhongcao,,,34.0,17
Zhongcuo,,,30.0,12
Zhongdianqianan wind farm,,,49.5,33
Zhonghao,,,34.1,13
Zhongmen,,,48.0,24
Zhongmin Fujian XEMC Test Turbine (Nearshore),,,5.0,1
Zhongning,,,100.0,50
Zhongsanjia,,,30.0,20
Zhongshui Baicheng,,,15.0,10
Zhongshuibaicheng,,,15.0,10
Zhongtian,,,50.0,25
Zhongwei,,,50.0,25
Zhongyang,,,120.0,60
Zhouwan I,,,49.5,33
Zhouwan II,,,49.5,33
Zhucheng I,,,49.5,33
Zhucheng II,,,49.5,33
Zhucheng III,,,49.5,33
Zhucheng IV,,,49.5,33
Zhugensha H2,,,302.0,67
Zhuhai Guishan Hai Demonstration,,,120.0,37
Zhuhai Hengqinqu,,,15.0,20
Zhuhai Jinwan,,,300.0,55
Zhumushan,,,73.5,49
Zhumushan,,,78.0,52
Zhuoganshan,,,36.0,18
Zhuozi I,,,40.0,32
Zhurihe,,,19.5,13
Zhurihe,,,0.5,5
Zhurihe,,,1.0,4
Zhurihe,,,1.2,10
Zhurihe,,,0.9,3
Zhurihe,,,3.3,10
Zhurihe,,,7.5,5
Zhuzixia,,,49.5,33
Zibo Zichuan Xuejiayu,,,43.5,29
Zidingshan,,,50.0,25
Zijingshan,,,50.0,25
Zijinshan,,,1.5,1
Zijinshan,,,48.0,24
Ziliang,湖南,,50.0,25
Zilingpu,,,48.0,24
Ziyunshan,河南,,48.0,24
Zoucheng I,,,49.5,33
Zuhu,,,2.5,2
Zushan,,,94.5,63
